<?xml version="1.0" ?>
<!--
  ~ Licensed to the Apache Software Foundation (ASF) under one
  ~ or more contributor license agreements.  See the NOTICE file
  ~ distributed with this work for additional information
  ~ regarding copyright ownership.  The ASF licenses this file
  ~ to you under the Apache License, Version 2.0 (the
  ~ "License"); you may not use this file except in compliance
  ~ with the License.  You may obtain a copy of the License at
  ~
  ~   http://www.apache.org/licenses/LICENSE-2.0
  ~
  ~ Unless required by applicable law or agreed to in writing,
  ~ software distributed under the License is distributed on an
  ~ "AS IS" BASIS, WITHOUT WARRANTIES OR CONDITIONS OF ANY
  ~ KIND, either express or implied.  See the License for the
  ~ specific language governing permissions and limitations
  ~ under the License.
  -->

<component-set>
  <components>
    <component>
      <role>org.sonatype.nexus.index.NexusIndexer</role>
      <role-hint>archiva</role-hint>
      <implementation>org.sonatype.nexus.index.DefaultNexusIndexer</implementation>
      <description>The default nexus indexer implementation.</description>
      <instantiation-strategy>per-lookup</instantiation-strategy>
      <isolated-realm>false</isolated-realm>
      <requirements>
        <requirement>
          <role>org.sonatype.nexus.index.scan.Scanner</role>
          <role-hint>default</role-hint>
          <field-name>scanner</field-name>
        </requirement>
        <requirement>
          <role>org.sonatype.nexus.index.search.SearchEngine</role>
          <role-hint>default</role-hint>
          <field-name>searcher</field-name>
        </requirement>
        <requirement>
          <role>org.sonatype.nexus.index.creator.IndexerEngine</role>
          <role-hint>default</role-hint>
          <field-name>indexerEngine</field-name>
        </requirement>
        <requirement>
          <role>org.sonatype.nexus.index.QueryCreator</role>
          <role-hint>default</role-hint>
          <field-name>queryCreator</field-name>
        </requirement>
      </requirements>
    </component>
  </components>

</component-set>
