<?xml version="1.0"?>
<document>
  <properties>
    <title>RSS Feeds</title>
    <author email="oching@apache.org">Maria Odea Ching</author>
  </properties>
  <head>
  </head>
  <body>
    <section name="RSS Feeds">
      <div style="text-align: center">
        <img src="../images/tour/rss.png" width="640" height="401" alt="" />
        <p>
          Archiva provides RSS feeds for new artifacts in the repositories and new versions
          of a specific artifact.
        </p>
        <p>
          <a href="virtual-repos.html">Previous: Virtual Repositories</a> |
          <strong>RSS Feeds</strong> |
          <a href="security.html">Next: Role-based Security</a>
        </p>
      </div>
    </section>
  </body>
</document>
