<component-set>
  <components>
    <component>
      <role>org.codehaus.plexus.cache.Cache</role>
      <role-hint>url-failures-cache</role-hint>
      <implementation>org.codehaus.plexus.cache.ehcache.EhcacheCache</implementation>
      <description>URL Failure Cache</description>
      <configuration>
        <disk-expiry-thread-interval-seconds>600</disk-expiry-thread-interval-seconds>
        <disk-persistent>true</disk-persistent>
        <disk-store-path>${java.io.tmpdir}/archiva/urlcache</disk-store-path>
        <eternal>false</eternal>
        <max-elements-in-memory>1000</max-elements-in-memory>
        <memory-eviction-policy>LRU</memory-eviction-policy>
        <name>url-failures-cache</name>
        <overflow-to-disk>false</overflow-to-disk>
        <!-- 45 minutes = 2700 seconds -->
        <time-to-idle-seconds>2700</time-to-idle-seconds>
        <!-- 30 minutes = 1800 seconds  -->
        <time-to-live-seconds>1800</time-to-live-seconds>
      </configuration>
    </component>
  </components>
</component-set>
