<?xml version="1.0"?>

<!--
  ~ Licensed to the Apache Software Foundation (ASF) under one
  ~ or more contributor license agreements.  See the NOTICE file
  ~ distributed with this work for additional information
  ~ regarding copyright ownership.  The ASF licenses this file
  ~ to you under the Apache License, Version 2.0 (the
  ~ "License"); you may not use this file except in compliance
  ~ with the License.  You may obtain a copy of the License at
  ~
  ~   http://www.apache.org/licenses/LICENSE-2.0
  ~
  ~ Unless required by applicable law or agreed to in writing,
  ~ software distributed under the License is distributed on an
  ~ "AS IS" BASIS, WITHOUT WARRANTIES OR CONDITIONS OF ANY
  ~ KIND, either express or implied.  See the License for the
  ~ specific language governing permissions and limitations
  ~ under the License.
  -->

<beans xmlns="http://www.springframework.org/schema/beans"
       xmlns:xsi="http://www.w3.org/2001/XMLSchema-instance"
       xmlns:context="http://www.springframework.org/schema/context"
       xmlns:task="http://www.springframework.org/schema/task"
       xsi:schemaLocation="http://www.springframework.org/schema/beans
           http://www.springframework.org/schema/beans/spring-beans-3.0.xsd
           http://www.springframework.org/schema/context
           http://www.springframework.org/schema/context/spring-context-3.0.xsd
           http://www.springframework.org/schema/task
            http://www.springframework.org/schema/task/spring-task-3.0.xsd"
       default-lazy-init="false">

  <context:annotation-config/>
  <context:component-scan base-package="org.apache.archiva.indexer.search,org.apache.archiva.indexer.merger"/>

  <bean id="logger" class="org.apache.archiva.common.utils.Slf4JPlexusLogger">
    <constructor-arg type="java.lang.Class">
      <value>org.apache.maven.index.DefaultNexusIndexer</value>
    </constructor-arg>
  </bean>

  <bean name="taskScheduler#mergeRemoteIndexes"
        class="org.springframework.scheduling.concurrent.ThreadPoolTaskScheduler">
    <property name="poolSize" value="4"/>
    <property name="threadGroupName" value="mergeRemoteIndexes"/>
  </bean>

</beans>