<?xml version="1.0" encoding="UTF-8"?>
<beans xmlns="http://www.springframework.org/schema/beans"
       xmlns:xsi="http://www.w3.org/2001/XMLSchema-instance"
       xsi:schemaLocation="http://www.springframework.org/schema/beans http://www.springframework.org/schema/beans/spring-beans-2.5.xsd">

    <bean id="indexerConsumer" class="org.apache.archiva.consumers.lucene.NexusIndexerConsumer" lazy-init="true">      
        <constructor-arg ref="archivaTaskScheduler"/>
        <constructor-arg ref="archivaConfiguration"/>
        <constructor-arg ref="fileTypes"/>
    </bean>
    
    <bean id="indexCleanupConsumer" class="org.apache.archiva.consumers.lucene.LuceneCleanupRemoveIndexedConsumer" lazy-init="true">
        <constructor-arg ref="repositoryContentFactory"/>
        <constructor-arg ref="archivaTaskScheduler"/>
    </bean>

    <bean id="logger" class="org.apache.maven.archiva.common.utils.Slf4JPlexusLogger">
      <constructor-arg type="java.lang.Class"><value>org.sonatype.nexus.index.DefaultNexusIndexer</value></constructor-arg>
    </bean>
</beans>