<?xml version="1.0" ?>
<!--
  ~ Licensed to the Apache Software Foundation (ASF) under one
  ~ or more contributor license agreements.  See the NOTICE file
  ~ distributed with this work for additional information
  ~ regarding copyright ownership.  The ASF licenses this file
  ~ to you under the Apache License, Version 2.0 (the
  ~ "License"); you may not use this file except in compliance
  ~ with the License.  You may obtain a copy of the License at
  ~
  ~   http://www.apache.org/licenses/LICENSE-2.0
  ~
  ~ Unless required by applicable law or agreed to in writing,
  ~ software distributed under the License is distributed on an
  ~ "AS IS" BASIS, WITHOUT WARRANTIES OR CONDITIONS OF ANY
  ~ KIND, either express or implied.  See the License for the
  ~ specific language governing permissions and limitations
  ~ under the License.
  -->

<model xsd.namespace="http://archiva.apache.org/model/1.2.0"
       xsd.targetNamespace="http://archiva.apache.org/model/1.2.0">
  <id>archiva-base-model</id>
  <name>ArchivaBaseModel</name>
  <!-- Note that we've outright removed old model information instead of setting the finish version to be 1.2.1.
  if for any reason this model needs to be retained for some other use (eg, migration), then those may need to be
  restored. Otherwise, the previous archiva-model artifact can be used if necessary -->
  <version>1.3.0</version>
  <description>Archiva Model</description>
  <defaults>
    <default>
      <key>package</key>
      <value>org.apache.archiva.model</value>
    </default>
  </defaults>

  <classes>
    <class rootElement="true">
      <name>ArchivaAll</name>
      <version>1.0.0+</version>
      <description>
        This object is only used for the XML backup / restore features of Archiva.
        This object is not serialized to the Database.
      </description>
      <fields>
        <field>
          <name>artifacts</name>
          <version>1.0.0+</version>
          <association>
            <type>ArchivaArtifactModel</type>
            <multiplicity>*</multiplicity>
          </association>
        </field>
        <field>
          <name>repositoryMetadata</name>
          <version>1.0.0+</version>
          <association>
            <type>ArchivaRepositoryMetadata</type>
            <multiplicity>*</multiplicity>
          </association>
        </field>
      </fields>
      <codeSegments>
        <codeSegment>
          <version>1.0.0+</version>
          <code><![CDATA[
    private static final long serialVersionUID = 3259707008803111764L;
          ]]></code>
        </codeSegment>
      </codeSegments>
    </class>

    <!-- _______________________________________________________________
           _         _   _  __            _
          / \   _ __| |_(_)/ _| __ _  ___| |_
         / _ \ | '__| __| | |_ / _` |/ __| __|
        / ___ \| |  | |_| |  _| (_| | (__| |_
       /_/   \_\_|   \__|_|_|  \__,_|\___|\__|

      -->

    <class>
      <name>ArchivaArtifactModel</name>
      <version>1.0.0+</version>
      <fields>
        <!-- 
           NOTE TO ARCHIVA DEVELOPERS....
           
           The ArchivaArtifact object should contain no platform specifics!!
         -->
        <field>
          <name>groupId</name>
          <identifier>true</identifier>
          <version>1.0.0+</version>
          <type>String</type>
          <required>true</required>
          <description>
            The Group ID of the repository content.
          </description>
        </field>
        <field>
          <name>artifactId</name>
          <identifier>true</identifier>
          <version>1.0.0+</version>
          <type>String</type>
          <required>true</required>
          <description>
            The Artifact ID of the repository content.
          </description>
        </field>
        <field>
          <name>version</name>
          <identifier>true</identifier>
          <version>1.0.0+</version>
          <type>String</type>
          <required>true</required>
          <description>
            The version of the repository content.
          </description>
        </field>
        <field>
          <name>classifier</name>
          <identifier>true</identifier>
          <version>1.0.0+</version>
          <type>String</type>
          <required>true</required>
          <description>
            The classifier for this artifact.
          </description>
        </field>
        <field>
          <name>type</name>
          <identifier>true</identifier>
          <version>1.0.0+</version>
          <type>String</type>
          <required>true</required>
          <description>
            The type of artifact.
          </description>
        </field>
        <field>
          <name>repositoryId</name>
          <identifier>true</identifier>
          <version>1.0.0+</version>
          <required>true</required>
          <type>String</type>
          <description>
            The repository associated with this content.
          </description>
        </field>
        <field>
          <name>snapshot</name>
          <identifier>false</identifier>
          <version>1.0.0+</version>
          <type>boolean</type>
          <required>true</required>
          <description>
            True if this is a snapshot.
          </description>
          <defaultValue>false</defaultValue>
        </field>
        <field>
          <name>checksumMD5</name>
          <identifier>false</identifier>
          <version>1.0.0+</version>
          <type>String</type>
          <required>false</required>
          <description>
            The MD5 checksum for the artifact file.
          </description>
        </field>
        <field>
          <name>checksumSHA1</name>
          <identifier>false</identifier>
          <version>1.0.0+</version>
          <type>String</type>
          <required>false</required>
          <description>
            The SHA1 checksum for the artifact file.
          </description>
        </field>
        <field>
          <name>lastModified</name>
          <identifier>false</identifier>
          <version>1.0.0+</version>
          <type>Date</type>
          <required>true</required>
          <description>
            The Last Modified Timestamp of this artifact.
          </description>
        </field>
        <field>
          <name>size</name>
          <identifier>false</identifier>
          <version>1.0.0+</version>
          <type>long</type>
          <required>true</required>
          <description>
            The size of the artifact on disk.
          </description>
        </field>
        <field>
          <name>whenGathered</name>
          <identifier>false</identifier>
          <version>1.0.0+</version>
          <type>Date</type>
          <required>false</required>
          <description>
            When this artifact was gathered or discovered from the repository.
          </description>
        </field>
      </fields>
      <codeSegments>
        <codeSegment>
          <version>1.0.0+</version>
          <code><![CDATA[
    private static final long serialVersionUID = -6292417108113887384L;
          ]]></code>
        </codeSegment>
      </codeSegments>
    </class>

    <!-- _______________________________________________________________
       __  __      _            _       _
      |  \/  | ___| |_ __ _  __| | __ _| |_ __ _
      | |\/| |/ _ \ __/ _` |/ _` |/ _` | __/ _` |
      | |  | |  __/ || (_| | (_| | (_| | || (_| |
      |_|  |_|\___|\__\__,_|\__,_|\__,_|\__\__,_|

    -->

    <class>
      <name>ArchivaRepositoryMetadata</name>
      <version>1.0.0+</version>
      <fields>
        <field>
          <name>groupId</name>
          <identifier>true</identifier>
          <version>1.0.0+</version>
          <type>String</type>
          <required>true</required>
          <description>
            The Group ID of the metadata.
          </description>
        </field>
        <field>
          <name>artifactId</name>
          <identifier>true</identifier>
          <version>1.0.0+</version>
          <type>String</type>
          <required>true</required>
          <description>
            The Artifact ID of the metadata.
          </description>
        </field>
        <field>
          <name>version</name>
          <identifier>true</identifier>
          <version>1.0.0+</version>
          <type>String</type>
          <required>true</required>
          <description>
            The Version of the metadata.
          </description>
        </field>
        <field>
          <name>latestVersion</name>
          <identifier>false</identifier>
          <version>1.0.0+</version>
          <required>false</required>
          <type>String</type>
          <description>
            The latest version id.
          </description>
        </field>
        <field>
          <name>releasedVersion</name>
          <identifier>false</identifier>
          <version>1.0.0+</version>
          <required>false</required>
          <type>String</type>
          <description>
            The released version id.
          </description>
        </field>
        <field>
          <name>snapshotVersion</name>
          <identifier>false</identifier>
          <version>1.0.0+</version>
          <required>false</required>
          <description>
            The snapshot version id.
          </description>
          <association>
            <type>SnapshotVersion</type>
            <multiplicity>1</multiplicity>
          </association>
        </field>
        <field>
          <name>plugins</name>
          <identifier>false</identifier>
          <version>1.0.0+</version>
          <required>false</required>
          <description>
            The available plugins.
          </description>
          <association>
            <type>Plugin</type>
            <multiplicity>*</multiplicity>
          </association>
        </field>
        <field>
          <name>availableVersions</name>
          <identifier>false</identifier>
          <version>1.0.0+</version>
          <required>false</required>
          <association>
            <type>String</type>
            <multiplicity>*</multiplicity>
          </association>
          <description>
            The list of available version ids.
          </description>
        </field>
        <field>
          <name>lastUpdated</name>
          <identifier>false</identifier>
          <version>1.0.0+</version>
          <type>String</type>
          <required>true</required>
          <description>
            When the metadata was last updated.
          </description>
        </field>
        <field>
          <name>fileLastModified</name>
          <identifier>false</identifier>
          <version>1.0.0+</version>
          <type>Date</type>
          <required>true</required>
          <description>
            The Last Modified Timestamp of this file.
          </description>
        </field>
        <field>
          <name>fileSize</name>
          <identifier>false</identifier>
          <version>1.0.0+</version>
          <type>long</type>
          <required>true</required>
          <description>
            The size of the artifact on disk.
          </description>
        </field>
      </fields>
      <codeSegments>
        <codeSegment>
          <version>1.0.0+</version>
          <code><![CDATA[
    private static final long serialVersionUID = 914715358219606100L;
          ]]></code>
        </codeSegment>
        <codeSegment>
          <version>1.0.0+</version>
          <code>
    public void updateTimestamp()
    {
        setLastUpdatedTimestamp( new java.util.Date() );
    }

    public void setLastUpdatedTimestamp( java.util.Date date )
    {
        java.util.TimeZone timezone = java.util.TimeZone.getTimeZone( "UTC" );
        java.text.DateFormat fmt = new java.text.SimpleDateFormat( "yyyyMMddHHmmss" );
        fmt.setTimeZone( timezone );
        setLastUpdated( fmt.format( date ) );
    }
          </code>
        </codeSegment>
      </codeSegments>
    </class>

    <class>
      <name>SnapshotVersion</name>
      <description>The Snapshot Version</description>
      <version>1.0.0+</version>
      <fields>
        <field>
          <name>timestamp</name>
          <type>String</type>
          <identifier>false</identifier>
          <required>true</required>
          <description>
            The unique timestamp for the snapshot version.
          </description>
        </field>
        <field>
          <name>buildNumber</name>
          <type>int</type>
          <identifier>false</identifier>
          <required>true</required>
          <description>The incremental build number of the snapshot.</description>
        </field>
      </fields>
      <codeSegments>
        <codeSegment>
          <version>1.0.0+</version>
          <code><![CDATA[
    private static final long serialVersionUID = -1251466956496493405L;
          ]]></code>
        </codeSegment>
      </codeSegments>
    </class>

    <class>
      <name>Plugin</name>
      <description>The Plugin</description>
      <version>1.0.0+</version>
      <fields>
        <field>
          <name>prefix</name>
          <type>String</type>
          <identifier>false</identifier>
          <required>true</required>
          <description>
            The prefix for a plugin
          </description>
        </field>
        <field>
          <name>artifactId</name>
          <type>String</type>
          <identifier>true</identifier>
          <required>true</required>
          <description>
            The artifactId for a plugin
          </description>
        </field>
        <field>
          <name>name</name>
          <type>String</type>
          <identifier>false</identifier>
          <required>true</required>
          <description>
            The name for a plugin
          </description>
        </field>
      </fields>
    </class>


    <!-- _______________________________________________________________
        ____       __
       |  _ \ ___ / _| ___ _ __ ___ _ __   ___ ___  ___
       | |_) / _ \ |_ / _ \ '__/ _ \ '_ \ / __/ _ \/ __|
       |  _ (  __/  _|  __/ | |  __/ | | | (_|  __/\__ \
       |_| \_\___|_|  \___|_|  \___|_| |_|\___\___||___/
    -->

    <class>
      <name>ProjectReference</name>
      <description>A reference to another (unversioned) Project</description>
      <version>1.0.0+</version>
      <fields>
        <field null-value="default">
          <name>groupId</name>
          <identifier>false</identifier>
          <version>1.0.0+</version>
          <type>String</type>
          <required>true</required>
          <description>
            The Group ID of the project reference.
          </description>
        </field>
        <field null-value="default">
          <name>artifactId</name>
          <identifier>false</identifier>
          <version>1.0.0+</version>
          <type>String</type>
          <required>true</required>
          <description>
            The Artifact ID of the project reference.
          </description>
        </field>
      </fields>
      <codeSegments>
        <codeSegment>
          <version>1.0.0+</version>
          <code><![CDATA[
    private static final long serialVersionUID = 8947981859537138991L;
          ]]></code>
        </codeSegment>
        <codeSegment>
          <version>1.0.0+</version>
          <code><![CDATA[
    private static String defaultString( String value )
    {
        if ( value == null )
        {
            return "";
        }
        
        return value.trim();
    }
          
    public static String toKey( ProjectReference reference )
    {
        StringBuilder key = new StringBuilder();

        key.append( defaultString( reference.getGroupId() ) ).append( ":" );
        key.append( defaultString( reference.getArtifactId() ) );

        return key.toString();
    }
          ]]></code>
        </codeSegment>
      </codeSegments>
    </class>

    <class>
      <name>VersionedReference</name>
      <description>A reference to another Versioned Project</description>
      <version>1.0.0+</version>
      <fields>
        <field null-value="default">
          <name>groupId</name>
          <identifier>false</identifier>
          <version>1.0.0+</version>
          <type>String</type>
          <required>true</required>
          <description>
            The Group ID of the repository content.
          </description>
        </field>
        <field null-value="default">
          <name>artifactId</name>
          <identifier>false</identifier>
          <version>1.0.0+</version>
          <type>String</type>
          <required>true</required>
          <description>
            The Artifact ID of the repository content.
          </description>
        </field>
        <field null-value="default">
          <name>version</name>
          <identifier>false</identifier>
          <version>1.0.0+</version>
          <type>String</type>
          <required>false</required>
          <description>
            The version of the repository content.
          </description>
        </field>
      </fields>
      <codeSegments>
        <codeSegment>
          <version>1.0.0+</version>
          <code><![CDATA[
    private static final long serialVersionUID = -6990353165677563113L;
          ]]></code>
        </codeSegment>
        <codeSegment>
          <version>1.0.0+</version>
          <code><![CDATA[
    private static String defaultString( String value )
    {
        if ( value == null )
        {
            return "";
        }
        
        return value.trim();
    }
          
    public static String toKey( VersionedReference reference )
    {
        StringBuilder key = new StringBuilder();

        key.append( defaultString( reference.getGroupId() ) ).append( ":" );
        key.append( defaultString( reference.getArtifactId() ) ).append( ":" );
        key.append( defaultString( reference.getVersion() ) );

        return key.toString();
    }
          ]]></code>
        </codeSegment>
      </codeSegments>
    </class>

    <class>
      <name>ArtifactReference</name>
      <version>1.0.0+</version>
      <fields>
        <field null-value="default">
          <name>groupId</name>
          <identifier>false</identifier>
          <version>1.0.0+</version>
          <type>String</type>
          <required>true</required>
          <description>
            The Group ID of the repository content.
          </description>
        </field>
        <field null-value="default">
          <name>artifactId</name>
          <identifier>false</identifier>
          <version>1.0.0+</version>
          <type>String</type>
          <required>true</required>
          <description>
            The Artifact ID of the repository content.
          </description>
        </field>
        <field null-value="default">
          <name>version</name>
          <identifier>false</identifier>
          <version>1.0.0+</version>
          <type>String</type>
          <required>false</required>
          <description>
            The version of the repository content.
          </description>
        </field>
        <field null-value="default">
          <name>classifier</name>
          <identifier>false</identifier>
          <version>1.0.0+</version>
          <type>String</type>
          <required>true</required>
          <description>
            The classifier for this artifact.
          </description>
        </field>
        <field null-value="default">
          <name>type</name>
          <identifier>false</identifier>
          <version>1.0.0+</version>
          <type>String</type>
          <required>true</required>
          <description>
            The type of artifact.
          </description>
        </field>
      </fields>
      <codeSegments>
        <codeSegment>
          <version>1.0.0+</version>
          <code><![CDATA[
    private static final long serialVersionUID = -6116764846682178732L;
          ]]></code>
        </codeSegment>
        <codeSegment>
          <version>1.0.0+</version>
          <code><![CDATA[
    private static String defaultString( String value )
    {
        if ( value == null )
        {
            return "";
        }
        
        return value.trim();
    }
          
    public static String toKey( ArtifactReference artifactReference )
    {
        StringBuilder key = new StringBuilder();

        key.append( defaultString( artifactReference.getGroupId() ) ).append( ":" );
        key.append( defaultString( artifactReference.getArtifactId() ) ).append( ":" );
        key.append( defaultString( artifactReference.getVersion() ) ).append( ":" );
        key.append( defaultString( artifactReference.getClassifier() ) ).append( ":" );
        key.append( defaultString( artifactReference.getType() ) );

        return key.toString();
    }

    public static String toVersionlessKey( ArtifactReference artifactReference )
    {
        StringBuilder key = new StringBuilder();

        key.append( defaultString( artifactReference.getGroupId() ) ).append( ":" );
        key.append( defaultString( artifactReference.getArtifactId() ) ).append( ":" );
        key.append( defaultString( artifactReference.getClassifier() ) ).append( ":" );
        key.append( defaultString( artifactReference.getType() ) );

        return key.toString();
    }
          ]]></code>
        </codeSegment>
        <codeSegment>
          <version>1.0.0+</version>
          <code><![CDATA[
    public int hashCode()
    {
        final int PRIME = 31;
        int result = 1;
        result = PRIME * result + ( ( groupId == null ) ? 0 : groupId.hashCode() );
        result = PRIME * result + ( ( artifactId == null ) ? 0 : artifactId.hashCode() );
        result = PRIME * result + ( ( version == null ) ? 0 : version.hashCode() );
        result = PRIME * result + ( ( classifier == null ) ? 0 : classifier.hashCode() );
        result = PRIME * result + ( ( type == null ) ? 0 : type.hashCode() );
        return result;
    }

    public boolean equals( Object obj )
    {
        if ( this == obj )
        {
            return true;
        }
        
        if ( obj == null )
        {
            return false;
        }
        
        if ( getClass() != obj.getClass() )
        {
            return false;
        }

        final ArtifactReference other = (ArtifactReference) obj;

        if ( groupId == null )
        {
            if ( other.groupId != null )
            {
                return false;
            }
        }
        else if ( !groupId.equals( other.groupId ) )
        {
            return false;
        }

        if ( artifactId == null )
        {
            if ( other.artifactId != null )
            {
                return false;
            }
        }
        else if ( !artifactId.equals( other.artifactId ) )
        {
            return false;
        }

        if ( version == null )
        {
            if ( other.version != null )
            {
                return false;
            }
        }
        else if ( !version.equals( other.version ) )
        {
            return false;
        }

        if ( classifier == null )
        {
            if ( other.classifier != null )
            {
                return false;
            }
        }
        else if ( !classifier.equals( other.classifier ) )
        {
            return false;
        }
        
        if ( type == null )
        {
            if ( other.type != null )
            {
                return false;
            }
        }
        else if ( !type.equals( other.type ) )
        {
            return false;
        }
        
        return true;
    }          
          ]]></code>
        </codeSegment>
      </codeSegments>
    </class>
  </classes>
</model>
