<?xml version="1.0" encoding="UTF-8" ?>
<!--
  ~ Licensed to the Apache Software Foundation (ASF) under one
  ~ or more contributor license agreements.  See the NOTICE file
  ~ distributed with this work for additional information
  ~ regarding copyright ownership.  The ASF licenses this file
  ~ to you under the Apache License, Version 2.0 (the
  ~ "License"); you may not use this file except in compliance
  ~ with the License.  You may obtain a copy of the License at
  ~
  ~   http://www.apache.org/licenses/LICENSE-2.0
  ~
  ~ Unless required by applicable law or agreed to in writing,
  ~ software distributed under the License is distributed on an
  ~ "AS IS" BASIS, WITHOUT WARRANTIES OR CONDITIONS OF ANY
  ~ KIND, either express or implied.  See the License for the
  ~ specific language governing permissions and limitations
  ~ under the License.
  -->
<configuration>
  <appenders>
    <Console name="console" target="SYSTEM_OUT">
      <PatternLayout pattern="[%t] %-5p %c %x - %m%n"/>
    </Console>
  </appenders>
  <loggers>
    <logger name="org.apache.archiva" level="info"/>
    <logger name="org.apache.archiva.redback.components.cache.ehcache" level="warn" />

    <root level="error" includeLocation="true">
      <appender-ref ref="console"/>
    </root>
  </loggers>
</configuration>


