<?xml version="1.0"?>
<document>
  <properties>
    <title>Graphical Administration</title>
    <author email="brett@apache.org">Brett Porter</author>
  </properties>
  <head>
  </head>
  <body>
    <section name="Graphical Administration">
      <div style="text-align: center">
        <img src="../images/tour/admin.png" width="640" height="401" alt="" />
        <p>
          Archiva has a comprehensive web-based administration interface for configuring repositories,
          remote proxies, scheduled jobs and more. The configuration is kept in sync with the XML
          configuration files so that they can also be hand-edited if necessary.
        </p>
        <p>
          <a href="upload.html">Previous: Artifact Upload</a> |
          <strong>Graphical Administration</strong> |
          <a href="virtual-repos.html">Next: Virtual Repositories</a>
        </p>
      </div>
    </section>
  </body>
</document>
