<?xml version="1.0"?>
<document>
  <properties>
    <title>Feature Tour</title>
    <author email="brett@apache.org">Brett Porter</author>
  </properties>
  <head>
  </head>
  <body>
    <style type="text/css">
table {
  width: inherit;
  margin-left: 5em;
}
tr {
  text-align: center;
}
td {
  font-size: inherit;
}
table.bodyTable tr.a {
  background-color: inherit; 
}
table.bodyTable tr.b {
  background-color: inherit; 
}
    </style>
    <section name="Archiva Feature Tour">

      <p>
        Archiva is a feature rich repository manager. Below is a short tour of some of the features that are available.
      </p>
  
      <table>
        <tr>
          <td>
            <a href="project.html">
              <img src="../images/tour/project.png" width="150" height="93" style="border: 1px solid silver; margin-bottom: 0.25em" alt="" /><br/>
              1. Project Information
            </a>
          </td>
          <td>
            <a href="search.html">
              <img src="../images/tour/search.png" width="150" height="93" style="border: 1px solid silver; margin-bottom: 0.25em" alt="" /><br/>
              2. Artifact Search
            </a>
          </td>
          <td>
            <a href="proxy.html">
              <img src="../images/tour/proxy.png" width="150" height="93" style="border: 1px solid silver; margin-bottom: 0.25em" alt="" /><br/>
               3. Remote Proxying Cache
            </a>
          </td>
          <td>
            <a href="upload.html">
              <img src="../images/tour/upload.png" width="150" height="93" style="border: 1px solid silver; margin-bottom: 0.25em" alt="" /><br/>
               4. Artifact Upload
            </a>
          </td>
        </tr>
        <tr>
          <td>
            <a href="admin.html">
              <img src="../images/tour/admin.png" width="150" height="93" style="border: 1px solid silver; margin-left: 0.25em; margin-bottom: 0.25em" alt="" /><br/>
              5. Graphical Administration
            </a>
          </td>
          <td>
            <a href="virtual-repos.html">
              <img src="../images/tour/virtual-repos.png" width="150" height="93" style="border: 1px solid silver; margin-left: 0.25em; margin-bottom: 0.25em" alt="" /><br/>
              6. Virtual Repositories
            </a>
          </td>
          <td>
            <a href="rss.html">
              <img src="../images/tour/rss.png" width="150" height="93" style="border: 1px solid silver; margin-left: 0.25em; margin-bottom: 0.25em" alt="" /><br/>
              7. RSS Feeds
            </a>
          </td>
          <td>
            <a href="security.html">
              <img src="../images/tour/security.png" width="150" height="93" style="border: 1px solid silver; margin-left: 0.25em; margin-bottom: 0.25em" alt="" /><br/>
              8. Role-based Security
            </a>
          </td>
        </tr>
        <tr>             
          <td>
            <a href="reports.html">
              <img src="../images/tour/reports.png" width="150" height="93" style="border: 1px solid silver; margin-left: 0.25em; margin-bottom: 0.25em" alt="" /><br/>
              9. Integrity Reports
            </a>
          </td>
          <td>
            <a href="audit-log.html">
              <img src="../images/tour/audit-log.png" width="150" height="93" style="border: 1px solid silver; margin-left: 0.25em; margin-bottom: 0.25em" alt="" /><br/>
              10. Audit Log Report
            </a>
          </td>
          <td>
            <a href="maintenance.html">
              <img src="../images/tour/maintenance.png" width="150" height="93" style="border: 1px solid silver; margin-left: 0.25em; margin-bottom: 0.25em" alt="" /><br/>
              11. Maintenance
            </a>
          </td>
        </tr>
      </table>
    </section>
  </body>
</document>
