<?xml version="1.0"?>
<document>
  <properties>
    <title>Project Information</title>
    <author email="brett@apache.org">Brett Porter</author>
  </properties>
  <head>
  </head>
  <body>
    <section name="Project Information">
      <div style="text-align: center">
        <img src="../images/tour/project.png" width="640" height="401" alt="" />
        <p>
          Archiva provides an informative display for projects and artifacts stored in the repository.
          This includes a user-friendly display of the Maven project information, as well as the relationships
          between projects.
        </p>
        <p>
          <a href="index.html">Previous: Feature Tour</a> |
          <strong>Project Information</strong> |
          <a href="search.html">Next: Artifact Search</a>
        </p>
      </div>
    </section>
  </body>
</document>
