<?xml version="1.0"?>
<document>
  <properties>
    <title>Integrity Reports</title>
    <author email="brett@apache.org">Brett Porter</author>
  </properties>
  <head>
  </head>
  <body>
    <section name="Integrity Reports">
      <div style="text-align: center">
        <img src="../images/tour/reports.png" width="640" height="401" alt="" />
        <p>
          Archiva monitors the state of the managed repositories and keeps track of
          potential problems to allow improvement of metadata and to assist in
          troubleshooting problems.
        </p>
        <p>
          <a href="security.html">Previous: Role-based Security</a> |
          <strong>Integrity Reports</strong> |
          <a href="audit-log.html">Next: Audit Log Report</a>
        </p>
      </div>
    </section>
  </body>
</document>
