<?xml version="1.0"?>
<document>
  <properties>
    <title>Role-based Security</title>
    <author email="brett@apache.org">Brett Porter</author>
  </properties>
  <head>
  </head>
  <body>
    <section name="Role-based Security">
      <div style="text-align: center">
        <img src="../images/tour/security.png" width="640" height="401" alt="" />
        <p>
          Archiva uses the Redback security framework to provide flexible role-based security controls for repositories.
          You can use the graphical interface to maintain user accounts, as well as secure repositories for read and/or write
          access for individuals, or given roles.
        </p>
        <p>
          <a href="rss.html">Previous: RSS Feeds</a> |
          <strong>Role-based Security</strong> |
          <a href="reports.html">Next: Integrity Reports</a>
        </p>
      </div>
    </section>
  </body>
</document>
