<?xml version="1.0"?>
<document>
  <properties>
    <title>Artifact Upload</title>
    <author email="oching@apache.org">Maria Odea Ching</author>
  </properties>
  <head>
  </head>
  <body>
    <section name="Artifact Upload">
      <div style="text-align: center">
        <img src="../images/tour/upload.png" width="640" height="401" alt="" />
        <p>
          Archiva now supports artifact uploads via UI. A pom file can also be included
          in the upload or Archiva can generate one during the upload.
        </p>
        <p>
          <a href="proxy.html">Previous: Remote Proxying Cache</a> |
          <strong>Artifact Upload</strong> |
          <a href="admin.html">Next: Graphical Administration</a>
        </p>
      </div>
    </section>
  </body>
</document>
