<?xml version="1.0"?>
<document>
  <properties>
    <title>Virtual Repositories</title>
    <author email="oching@apache.org">Maria Odea Ching</author>
  </properties>
  <head>
  </head>
  <body>
    <section name="Virtual Repositories">
      <div style="text-align: center">
        <img src="../images/tour/virtual-repos.png" width="640" height="401" alt="" />
        <p>
          Archiva implements the concept of virtual repositories, wherein a set of
          Archiva repositories can be grouped together under one URL and that one URL
          can be used by clients (s.a. Maven) to download from these repositories.
        </p>
        <p>
          <a href="admin.html">Previous: Graphical Administration</a> |
          <strong>Virtual Repositories</strong> |
          <a href="rss.html">Next: RSS Feeds</a>
        </p>
      </div>
    </section>
  </body>
</document>
